200,POST,200,1603951510759
78,POST,200,1603951510962
78,POST,200,1603951511040
76,POST,200,1603951511118
77,POST,200,1603951511194
83,POST,200,1603951511272
77,POST,200,1603951511355
77,POST,200,1603951511432
79,POST,200,1603951511509
76,POST,200,1603951511589
77,POST,200,1603951511665
78,POST,200,1603951511742
144,POST,200,1603951511693
145,POST,200,1603951511700
168,POST,200,1603951511699
167,POST,200,1603951511700
170,POST,200,1603951511699
79,POST,200,1603951511821
77,POST,200,1603951511837
79,POST,200,1603951511845
79,POST,200,1603951511867
77,POST,200,1603951511869
80,POST,200,1603951511867
78,POST,200,1603951511900
78,POST,200,1603951511915
79,POST,200,1603951511924
77,POST,200,1603951511949
83,POST,200,1603951511949
79,POST,200,1603951511978
78,POST,200,1603951511993
78,POST,200,1603951512003
77,POST,200,1603951512027
78,POST,200,1603951512032
76,POST,200,1603951512058
77,POST,200,1603951512072
77,POST,200,1603951512081
77,POST,200,1603951512104
76,POST,200,1603951512111
76,POST,200,1603951512135
76,POST,200,1603951512149
77,POST,200,1603951512158
80,POST,200,1603951512181
78,POST,200,1603951512187
80,POST,200,1603951512211
84,POST,200,1603951512225
77,POST,200,1603951512236
374,POST,200,1603951511949
78,POST,200,1603951512261
77,POST,200,1603951512265
79,POST,200,1603951512291
78,POST,200,1603951512309
77,POST,200,1603951512313
79,POST,200,1603951512324
79,POST,200,1603951512339
78,POST,200,1603951512342
78,POST,200,1603951512371
79,POST,200,1603951512387
78,POST,200,1603951512390
77,POST,200,1603951512403
77,POST,200,1603951512418
81,POST,200,1603951512420
78,POST,200,1603951512449
76,POST,200,1603951512468
77,POST,200,1603951512467
76,POST,200,1603951512480
78,POST,200,1603951512496
77,POST,200,1603951512501
77,POST,200,1603951512527
76,POST,200,1603951512544
76,POST,200,1603951512544
77,POST,200,1603951512556
77,POST,200,1603951512578
81,POST,200,1603951512574
77,POST,200,1603951512604
78,POST,200,1603951512621
78,POST,200,1603951512621
77,POST,200,1603951512655
77,POST,200,1603951512655
123,POST,200,1603951512633
83,POST,200,1603951512681
78,POST,200,1603951512699
84,POST,200,1603951512699
78,POST,200,1603951512732
77,POST,200,1603951512733
76,POST,200,1603951512757
78,POST,200,1603951512764
76,POST,200,1603951512777
76,POST,200,1603951512784
76,POST,200,1603951512811
76,POST,200,1603951512811
77,POST,200,1603951512834
80,POST,200,1603951512842
78,POST,200,1603951512853
88,POST,200,1603951512860
76,POST,200,1603951512888
76,POST,200,1603951512888
77,POST,200,1603951512911
77,POST,200,1603951512922
77,POST,200,1603951512931
76,POST,200,1603951512949
80,POST,200,1603951512964
80,POST,200,1603951512964
79,POST,200,1603951512989
77,POST,200,1603951512999
77,POST,200,1603951513008
77,POST,200,1603951513026
77,POST,200,1603951513044
79,POST,200,1603951513044
76,POST,200,1603951513069
76,POST,200,1603951513077
80,POST,200,1603951513085
79,POST,200,1603951513104
77,POST,200,1603951513122
77,POST,200,1603951513123
77,POST,200,1603951513145
75,POST,200,1603951513153
88,POST,200,1603951513165
77,POST,200,1603951513183
75,POST,200,1603951513201
77,POST,200,1603951513199
77,POST,200,1603951513222
76,POST,200,1603951513228
77,POST,200,1603951513253
78,POST,200,1603951513260
76,POST,200,1603951513276
79,POST,200,1603951513276
77,POST,200,1603951513299
77,POST,200,1603951513304
76,POST,200,1603951513331
79,POST,200,1603951513339
76,POST,200,1603951513355
81,POST,200,1603951513353
78,POST,200,1603951513376
76,POST,200,1603951513381
77,POST,200,1603951513407
77,POST,200,1603951513419
77,POST,200,1603951513431
77,POST,200,1603951513434
76,POST,200,1603951513454
77,POST,200,1603951513457
77,POST,200,1603951513484
77,POST,200,1603951513496
77,POST,200,1603951513508
77,POST,200,1603951513511
78,POST,200,1603951513530
77,POST,200,1603951513534
76,POST,200,1603951513561
76,POST,200,1603951513574
77,POST,200,1603951513585
77,POST,200,1603951513588
76,POST,200,1603951513608
77,POST,200,1603951513611
76,POST,200,1603951513638
76,POST,200,1603951513650
76,POST,200,1603951513662
76,POST,200,1603951513665
76,POST,200,1603951513685
76,POST,200,1603951513688
76,POST,200,1603951513714
76,POST,200,1603951513726
78,POST,200,1603951513738
76,POST,200,1603951513764
107,POST,200,1603951513741
94,POST,200,1603951513761
76,POST,200,1603951513790
77,POST,200,1603951513802
76,POST,200,1603951513816
77,POST,200,1603951513840
76,POST,200,1603951513848
77,POST,200,1603951513855
78,POST,200,1603951513867
76,POST,200,1603951513879
98,POST,200,1603951513893
78,POST,200,1603951513917
80,POST,200,1603951513925
76,POST,200,1603951513932
77,POST,200,1603951513945
77,POST,200,1603951513955
78,POST,200,1603951513991
77,POST,200,1603951513995
75,POST,200,1603951514005
75,POST,200,1603951514008
78,POST,200,1603951514032
91,POST,200,1603951514023
78,POST,200,1603951514069
76,POST,200,1603951514072
76,POST,200,1603951514080
76,POST,200,1603951514083
77,POST,200,1603951514110
78,POST,200,1603951514114
76,POST,200,1603951514147
77,POST,200,1603951514148
77,POST,200,1603951514156
76,POST,200,1603951514160
76,POST,200,1603951514187
76,POST,200,1603951514192
76,POST,200,1603951514223
75,POST,200,1603951514225
78,POST,200,1603951514233
76,POST,200,1603951514236
75,POST,200,1603951514264
80,POST,200,1603951514268
77,POST,200,1603951514300
78,POST,200,1603951514299
75,POST,200,1603951514312
76,POST,200,1603951514311
76,POST,200,1603951514339
77,POST,200,1603951514348
76,POST,200,1603951514378
76,POST,200,1603951514378
76,POST,200,1603951514387
76,POST,200,1603951514387
78,POST,200,1603951514415
77,POST,200,1603951514425
77,POST,200,1603951514454
77,POST,200,1603951514454
76,POST,200,1603951514463
76,POST,200,1603951514463
76,POST,200,1603951514494
76,POST,200,1603951514502
76,POST,200,1603951514531
77,POST,200,1603951514531
76,POST,200,1603951514539
76,POST,200,1603951514539
77,POST,200,1603951514570
75,POST,200,1603951514578
75,POST,200,1603951514608
76,POST,200,1603951514607
75,POST,200,1603951514615
76,POST,200,1603951514615
77,POST,200,1603951514647
77,POST,200,1603951514653
77,POST,200,1603951514683
77,POST,200,1603951514683
76,POST,200,1603951514691
76,POST,200,1603951514691
80,POST,200,1603951514724
79,POST,200,1603951514730
77,POST,200,1603951514760
78,POST,200,1603951514760
79,POST,200,1603951514767
81,POST,200,1603951514767
76,POST,200,1603951514804
76,POST,200,1603951514809
76,POST,200,1603951514837
76,POST,200,1603951514846
75,POST,200,1603951514848
79,POST,200,1603951514880
121,POST,200,1603951514838
76,POST,200,1603951514885
78,POST,200,1603951514914
77,POST,200,1603951514922
77,POST,200,1603951514924
76,POST,200,1603951514959
79,POST,200,1603951514959
77,POST,200,1603951514961
79,POST,200,1603951514992
76,POST,200,1603951514999
77,POST,200,1603951515001
79,POST,200,1603951515036
77,POST,200,1603951515038
77,POST,200,1603951515038
77,POST,200,1603951515071
78,POST,200,1603951515075
79,POST,200,1603951515078
76,POST,200,1603951515115
76,POST,200,1603951515115
76,POST,200,1603951515115
76,POST,200,1603951515149
76,POST,200,1603951515153
77,POST,200,1603951515157
77,POST,200,1603951515191
77,POST,200,1603951515191
86,POST,200,1603951515191
78,POST,200,1603951515225
77,POST,200,1603951515234
99,POST,200,1603951515229
77,POST,200,1603951515268
78,POST,200,1603951515268
77,POST,200,1603951515277
77,POST,200,1603951515303
76,POST,200,1603951515311
78,POST,200,1603951515328
78,POST,200,1603951515345
79,POST,200,1603951515346
78,POST,200,1603951515354
79,POST,200,1603951515380
78,POST,200,1603951515387
76,POST,200,1603951515406
77,POST,200,1603951515423
77,POST,200,1603951515425
77,POST,200,1603951515432
79,POST,200,1603951515459
77,POST,200,1603951515465
77,POST,200,1603951515482
76,POST,200,1603951515500
77,POST,200,1603951515502
76,POST,200,1603951515509
77,POST,200,1603951515538
76,POST,200,1603951515542
77,POST,200,1603951515559
77,POST,200,1603951515576
76,POST,200,1603951515579
77,POST,200,1603951515585
77,POST,200,1603951515615
77,POST,200,1603951515618
76,POST,200,1603951515636
77,POST,200,1603951515653
76,POST,200,1603951515655
77,POST,200,1603951515662
78,POST,200,1603951515692
76,POST,200,1603951515695
78,POST,200,1603951515712
77,POST,200,1603951515730
76,POST,200,1603951515731
76,POST,200,1603951515739
77,POST,200,1603951515770
76,POST,200,1603951515771
78,POST,200,1603951515790
76,POST,200,1603951515807
78,POST,200,1603951515807
76,POST,200,1603951515815
77,POST,200,1603951515847
77,POST,200,1603951515847
77,POST,200,1603951515868
77,POST,200,1603951515883
76,POST,200,1603951515885
76,POST,200,1603951515891
77,POST,200,1603951515924
77,POST,200,1603951515924
76,POST,200,1603951515945
76,POST,200,1603951515960
80,POST,200,1603951515961
76,POST,200,1603951515967
77,POST,200,1603951516001
77,POST,200,1603951516001
77,POST,200,1603951516036
77,POST,200,1603951516041
79,POST,200,1603951516044
117,POST,200,1603951516021
77,POST,200,1603951516078
85,POST,200,1603951516078
77,POST,200,1603951516118
84,POST,200,1603951516113
76,POST,200,1603951516123
76,POST,200,1603951516138
76,POST,200,1603951516156
76,POST,200,1603951516163
77,POST,200,1603951516195
75,POST,200,1603951516197
76,POST,200,1603951516199
76,POST,200,1603951516215
76,POST,200,1603951516232
77,POST,200,1603951516239
77,POST,200,1603951516272
77,POST,200,1603951516272
75,POST,200,1603951516276
78,POST,200,1603951516291
78,POST,200,1603951516308
78,POST,200,1603951516316
75,POST,200,1603951516350
74,POST,200,1603951516351
75,POST,200,1603951516350
77,POST,200,1603951516369
76,POST,200,1603951516386
76,POST,200,1603951516395
76,POST,200,1603951516425
76,POST,200,1603951516425
77,POST,200,1603951516425
78,POST,200,1603951516446
76,POST,200,1603951516462
77,POST,200,1603951516471
76,POST,200,1603951516502
75,POST,200,1603951516503
76,POST,200,1603951516502
77,POST,200,1603951516524
77,POST,200,1603951516538
77,POST,200,1603951516548
76,POST,200,1603951516579
77,POST,200,1603951516579
78,POST,200,1603951516578
78,POST,200,1603951516601
77,POST,200,1603951516615
78,POST,200,1603951516626
76,POST,200,1603951516655
75,POST,200,1603951516656
76,POST,200,1603951516656
76,POST,200,1603951516679
77,POST,200,1603951516693
77,POST,200,1603951516704
77,POST,200,1603951516731
77,POST,200,1603951516731
77,POST,200,1603951516732
77,POST,200,1603951516756
78,POST,200,1603951516770
77,POST,200,1603951516781
76,POST,200,1603951516808
75,POST,200,1603951516809
77,POST,200,1603951516808
80,POST,200,1603951516833
77,POST,200,1603951516848
78,POST,200,1603951516858
76,POST,200,1603951516885
77,POST,200,1603951516884
77,POST,200,1603951516884
77,POST,200,1603951516913
76,POST,200,1603951516926
77,POST,200,1603951516936
78,POST,200,1603951516961
78,POST,200,1603951516961
78,POST,200,1603951516961
76,POST,200,1603951516991
76,POST,200,1603951517002
76,POST,200,1603951517013
77,POST,200,1603951517039
78,POST,200,1603951517039
81,POST,200,1603951517039
76,POST,200,1603951517067
77,POST,200,1603951517078
76,POST,200,1603951517089
76,POST,200,1603951517116
76,POST,200,1603951517117
76,POST,200,1603951517120
77,POST,200,1603951517143
77,POST,200,1603951517155
78,POST,200,1603951517165
77,POST,200,1603951517192
76,POST,200,1603951517194
76,POST,200,1603951517196
78,POST,200,1603951517220
78,POST,200,1603951517243
76,POST,200,1603951517269
76,POST,200,1603951517270
76,POST,200,1603951517272
124,POST,200,1603951517232
78,POST,200,1603951517298
83,POST,200,1603951517321
77,POST,200,1603951517348
80,POST,200,1603951517346
85,POST,200,1603951517345
74,POST,200,1603951517356
77,POST,200,1603951517376
78,POST,200,1603951517404
75,POST,200,1603951517425
78,POST,200,1603951517426
77,POST,200,1603951517430
77,POST,200,1603951517430
76,POST,200,1603951517453
77,POST,200,1603951517482
77,POST,200,1603951517500
76,POST,200,1603951517504
76,POST,200,1603951517507
76,POST,200,1603951517507
77,POST,200,1603951517530
78,POST,200,1603951517559
76,POST,200,1603951517577
77,POST,200,1603951517580
76,POST,200,1603951517583
77,POST,200,1603951517583
77,POST,200,1603951517607
78,POST,200,1603951517637
77,POST,200,1603951517653
77,POST,200,1603951517657
75,POST,200,1603951517659
76,POST,200,1603951517660
77,POST,200,1603951517684
76,POST,200,1603951517716
75,POST,200,1603951517736
77,POST,200,1603951517734
81,POST,200,1603951517730
86,POST,200,1603951517734
76,POST,200,1603951517761
75,POST,200,1603951517792
76,POST,200,1603951517812
76,POST,200,1603951517812
76,POST,200,1603951517812
78,POST,200,1603951517820
77,POST,200,1603951517837
80,POST,200,1603951517867
76,POST,200,1603951517888
76,POST,200,1603951517888
76,POST,200,1603951517888
77,POST,200,1603951517898
79,POST,200,1603951517914
76,POST,200,1603951517947
77,POST,200,1603951517964
77,POST,200,1603951517964
77,POST,200,1603951517964
77,POST,200,1603951517975
76,POST,200,1603951517993
76,POST,200,1603951518024
76,POST,200,1603951518041
76,POST,200,1603951518041
78,POST,200,1603951518041
78,POST,200,1603951518052
77,POST,200,1603951518069
77,POST,200,1603951518100
78,POST,200,1603951518117
77,POST,200,1603951518119
79,POST,200,1603951518117
77,POST,200,1603951518130
77,POST,200,1603951518147
77,POST,200,1603951518178
77,POST,200,1603951518195
76,POST,200,1603951518196
78,POST,200,1603951518196
77,POST,200,1603951518207
75,POST,200,1603951518224
77,POST,200,1603951518255
76,POST,200,1603951518272
78,POST,200,1603951518272
76,POST,200,1603951518274
84,POST,200,1603951518284
77,POST,200,1603951518300
76,POST,200,1603951518332
77,POST,200,1603951518348
77,POST,200,1603951518350
77,POST,200,1603951518350
77,POST,200,1603951518368
91,POST,200,1603951518377
76,POST,200,1603951518408
76,POST,200,1603951518425
77,POST,200,1603951518445
101,POST,200,1603951518427
119,POST,200,1603951518427
81,POST,200,1603951518468
82,POST,200,1603951518484
75,POST,200,1603951518502
77,POST,200,1603951518522
77,POST,200,1603951518528
77,POST,200,1603951518546
76,POST,200,1603951518550
80,POST,200,1603951518566
77,POST,200,1603951518577
77,POST,200,1603951518599
75,POST,200,1603951518605
76,POST,200,1603951518623
77,POST,200,1603951518626
77,POST,200,1603951518646
76,POST,200,1603951518676
77,POST,200,1603951518680
77,POST,200,1603951518703
72,GET-SkierDayVertical,200,1603951518715
77,POST,200,1603951518724
149,POST,200,1603951518656
77,POST,200,1603951518753
77,POST,200,1603951518757
75,POST,200,1603951518780
72,GET-SkierDayVertical,200,1603951518788
76,POST,200,1603951518801
76,POST,200,1603951518805
79,POST,200,1603951518830
77,POST,200,1603951518834
75,POST,200,1603951518855
72,GET-SkierDayVertical,200,1603951518860
78,POST,200,1603951518877
76,POST,200,1603951518881
76,POST,200,1603951518911
80,POST,200,1603951518910
72,GET-SkierDayVertical,200,1603951518932
81,POST,200,1603951518930
76,POST,200,1603951518955
77,POST,200,1603951518957
76,POST,200,1603951518988
77,POST,200,1603951518990
72,GET-SkierDayVertical,200,1603951519004
76,POST,200,1603951519011
79,POST,200,1603951519031
76,POST,200,1603951519034
76,POST,200,1603951519064
76,POST,200,1603951519068
72,GET-SkierResortTotals,200,1603951519076
75,POST,200,1603951519087
77,POST,200,1603951519110
80,POST,200,1603951519110
77,POST,200,1603951519140
73,GET-SkierResortTotals,200,1603951519148
78,POST,200,1603951519144
76,POST,200,1603951519163
79,POST,200,1603951519187
76,POST,200,1603951519190
75,POST,200,1603951519217
71,GET-SkierResortTotals,200,1603951519221
77,POST,200,1603951519222
77,POST,200,1603951519239
76,POST,200,1603951519266
76,POST,200,1603951519266
72,GET-SkierResortTotals,200,1603951519293
77,POST,200,1603951519292
76,POST,200,1603951519299
77,POST,200,1603951519316
83,POST,200,1603951519342
84,POST,200,1603951519342
74,GET-SkierResortTotals,200,1603951519365
77,POST,200,1603951519369
76,POST,200,1603951519376
77,POST,200,1603951519393
76,POST,200,1603951519425
79,POST,200,1603951519427
78,POST,200,1603951519446
77,POST,200,1603951519452
77,POST,200,1603951519470
76,POST,200,1603951519501
77,POST,200,1603951519506
79,POST,200,1603951519547
139,GET-SkierDayVertical,200,1603951519528
144,POST,200,1603951519529
72,GET-SkierDayVertical,200,1603951519667
143,POST,200,1603951519627
73,GET-SkierDayVertical,200,1603951519739
78,POST,200,1603951519770
73,GET-SkierDayVertical,200,1603951519812
78,POST,200,1603951519848
92,GET-SkierDayVertical,200,1603951519886
89,POST,200,1603951519926
73,GET-SkierDayVertical,200,1603951519978
73,GET-SkierDayVertical,200,1603951520018
73,GET-SkierDayVertical,200,1603951520018
73,GET-SkierDayVertical,200,1603951520018
74,GET-SkierDayVertical,200,1603951520018
74,GET-SkierDayVertical,200,1603951520051
71,GET-SkierDayVertical,200,1603951520091
73,GET-SkierDayVertical,200,1603951520091
76,GET-SkierDayVertical,200,1603951520091
75,GET-SkierDayVertical,200,1603951520092
75,GET-SkierDayVertical,200,1603951520125
71,GET-SkierDayVertical,200,1603951520162
73,GET-SkierDayVertical,200,1603951520164
72,GET-SkierDayVertical,200,1603951520167
72,GET-SkierDayVertical,200,1603951520167
75,GET-SkierDayVertical,200,1603951520200
73,GET-SkierDayVertical,200,1603951520233
72,GET-SkierDayVertical,200,1603951520237
73,GET-SkierDayVertical,200,1603951520239
73,GET-SkierDayVertical,200,1603951520239
72,GET-SkierDayVertical,200,1603951520275
72,GET-SkierDayVertical,200,1603951520306
71,GET-SkierDayVertical,200,1603951520312
73,GET-SkierDayVertical,200,1603951520312
73,GET-SkierResortTotals,200,1603951520347
140,GET-SkierDayVertical,200,1603951520309
75,GET-SkierResortTotals,200,1603951520378
71,GET-SkierResortTotals,200,1603951520385
73,GET-SkierResortTotals,200,1603951520383
72,GET-SkierResortTotals,200,1603951520420
72,GET-SkierResortTotals,200,1603951520453
79,GET-SkierResortTotals,200,1603951520449
72,GET-SkierResortTotals,200,1603951520456
72,GET-SkierResortTotals,200,1603951520456
72,GET-SkierResortTotals,200,1603951520492
72,GET-SkierResortTotals,200,1603951520525
72,GET-SkierResortTotals,200,1603951520528
72,GET-SkierResortTotals,200,1603951520528
74,GET-SkierResortTotals,200,1603951520528
73,GET-SkierResortTotals,200,1603951520564
72,GET-SkierResortTotals,200,1603951520597
72,GET-SkierResortTotals,200,1603951520600
70,GET-SkierResortTotals,200,1603951520602
72,GET-SkierResortTotals,200,1603951520600
73,GET-SkierResortTotals,200,1603951520637
72,GET-SkierResortTotals,200,1603951520670
73,GET-SkierResortTotals,200,1603951520672
73,GET-SkierResortTotals,200,1603951520672
83,GET-SkierResortTotals,200,1603951520672
72,GET-SkierResortTotals,200,1603951520710
72,GET-SkierResortTotals,200,1603951520745
72,GET-SkierResortTotals,200,1603951520782
73,GET-SkierResortTotals,200,1603951520854
75,GET-SkierResortTotals,200,1603951520927
72,GET-SkierResortTotals,200,1603951521002
